{
  "f1_score": 0.8882443062443358,
  "precision": 0.88903,
  "recall": 0.88746,
  "source": "final validation metrics from results.csv"
}
