{
  "f1_score": 0.8103889846256355,
  "precision": 0.81687,
  "recall": 0.80401,
  "source": "final validation metrics from results.csv"
}
