{
  "f1_score": 0.8135403424905837,
  "precision": 0.82665,
  "recall": 0.80084,
  "source": "final validation metrics from results.csv"
}
