{
  "source": "results.csv",
  "best_selection": "highest metrics/mAP50-95(B)",
  "epochs_completed": 280,
  "best_epoch": 230,
  "best": {
    "precision": 0.87385,
    "recall": 0.80283,
    "f1_score": 0.8368358846052913,
    "mAP": 0.76026,
    "mAP50": 0.86731,
    "mAP50_95": 0.76026,
    "fitness": 0.76026
  },
  "final_epoch": 280,
  "final": {
    "precision": 0.82665,
    "recall": 0.80084,
    "f1_score": 0.8135403424905837,
    "mAP": 0.75035,
    "mAP50": 0.86321,
    "mAP50_95": 0.75035,
    "fitness": 0.75035
  },
  "weights": {
    "best": "weights/best.pt",
    "last": "weights/last.pt"
  }
}
