{
  "source": "results.csv",
  "best_selection": "highest metrics/mAP50-95(B)",
  "epochs_completed": 114,
  "best_epoch": 64,
  "best": {
    "precision": 0.90483,
    "recall": 0.90184,
    "f1_score": 0.903332525807148,
    "mAP": 0.89878,
    "mAP50": 0.95125,
    "mAP50_95": 0.89878,
    "fitness": 0.89878
  },
  "final_epoch": 114,
  "final": {
    "precision": 0.91717,
    "recall": 0.87159,
    "f1_score": 0.8937992802835485,
    "mAP": 0.89512,
    "mAP50": 0.95826,
    "mAP50_95": 0.89512,
    "fitness": 0.89512
  },
  "weights": {
    "best": "weights/best.pt",
    "last": "weights/last.pt"
  }
}
