{
  "f1_score": 0.7833397575041601,
  "precision": 0.84257,
  "recall": 0.73189,
  "source": "final validation metrics from results.csv"
}
