{
  "f1_score": 0.8371687017894655,
  "precision": 0.89062,
  "recall": 0.78977,
  "source": "final validation metrics from results.csv"
}
