{
  "f1_score": 0.8937992802835485,
  "precision": 0.91717,
  "recall": 0.87159,
  "source": "final validation metrics from results.csv"
}
