{
  "f1_score": 0.8810399707165922,
  "precision": 0.87894,
  "recall": 0.88315,
  "source": "final validation metrics from results.csv"
}
