{
  "source": "results.csv",
  "best_selection": "highest metrics/mAP50-95(B)",
  "epochs_completed": 2,
  "best_epoch": 2,
  "best": {
    "precision": 0.87894,
    "recall": 0.88315,
    "f1_score": 0.8810399707165922,
    "mAP": 0.86188,
    "mAP50": 0.93473,
    "mAP50_95": 0.86188,
    "fitness": 0.86188
  },
  "final_epoch": 2,
  "final": {
    "precision": 0.87894,
    "recall": 0.88315,
    "f1_score": 0.8810399707165922,
    "mAP": 0.86188,
    "mAP50": 0.93473,
    "mAP50_95": 0.86188,
    "fitness": 0.86188
  },
  "weights": {
    "best": "weights/best.pt",
    "last": "weights/last.pt"
  }
}
