{
  "source": "results.csv",
  "best_selection": "highest metrics/mAP50-95(B)",
  "epochs_completed": 211,
  "best_epoch": 161,
  "best": {
    "precision": 0.87447,
    "recall": 0.89102,
    "f1_score": 0.8826674287591546,
    "mAP": 0.89684,
    "mAP50": 0.95331,
    "mAP50_95": 0.89684,
    "fitness": 0.89684
  },
  "final_epoch": 211,
  "final": {
    "precision": 0.88903,
    "recall": 0.88746,
    "f1_score": 0.8882443062443358,
    "mAP": 0.85482,
    "mAP50": 0.91688,
    "mAP50_95": 0.85482,
    "fitness": 0.85482
  },
  "weights": {
    "best": "weights/best.pt",
    "last": "weights/last.pt"
  }
}
